type,count
SNta29,260
"SNta02,SNta09",241
SNta37,228
SNxx03,186
SNta20,156
SApp,148
LgLG1b,136
LgLG1a,132
SNxx04,130
LgLG2,129
SNta38,122
SNta21,115
SNxxxx,102
WG2,97
WG4,96
WG3,96
WG1,96
LgLG3b,88
SNta04,83
SNch10,81
SNppxx,80
SNta42,77
SNta31,76
"SApp09,SApp22",74
SNta28,74
SNta43,73
SNxx33,72
LgLG3a,68
SNta11,67
SNxx14,66
SNta30,65
SNta25,63
SNpp50,62
SNta18,55
SNta34,54
SNta41,54
SNpp45,53
"SNta04,SNta11",53
SNta32,52
SNta40,50
SApp08,47
SNta27,47
Acc. ti flexor MN,46
SNpp52,43
"SNta11,SNta14",43
SNta35,43
LgLG4,43
SNpp60,41
SNpp47,40
SNta23,40
SNpp39,39
SNta03,39
SApp10,37
"SApp06,SApp15",37
SNxx06,37
Ti flexor MN,36
SNpp02,36
SNta44,36
SNpp19,35
Tr flexor MN,35
SNch01,35
SNxx22,34
SNpp51,32
SNpp40,32
AN10B045,31
IN01B095,31
SNta26,31
SNta45,31
SNta07,30
IN03B060,30
IN08A036,28
SNta19,28
IN10B058,27
SNxx07,27
IN10B057,27
SNxx20,26
LgAG1,25
IN06B066,25
SNxx02,25
SNta33,25
IN20A.22A092,25
SNpp01,25
IN08A026,24
DNg08,23
SApp23,23
IN04B074,23
IN20A.22A039,23
INXXX446,23
SNta39,23
SNxx23,22
Sternal posterior rotator MN,22
IN06A059,22
LgLG7,22
Acc. tr flexor MN,22
SNpp41,22
IN03B058,21
IN20A.22A090,21
SNxx01,21
IN19A117,21
dMS2,20
SNxx29,20
IN20A.22A024,20
SNpp42,20
IN08A043,20
IN01B065,20
SApp01,19
IN03A071,19
IN10B032,19
INXXX448,19
IN10B042,19
SNpp43,19
SNtaxx,19
DNpe008,18
IN09A039,18
IN20A.22A009,18
IN10B055,18
IN20A.22A073,18
IN20A.22A053,18
IN07B098,18
IN09A043,18
"SNpp29,SNpp63",18
IN03B089,18
IN06A082,18
SNxx21,18
IN21A087,18
ltm MN,18
SNxx05,18
SNpp18,18
Fe reductor MN,17
IN20A.22A021,17
IN06B047,17
IN20A.22A048,17
SNpp28,17
IN20A.22A089,17
IN03B066,17
IN01B090,17
DNg106,16
DNg07,16
AN10B047,16
SNpp23,16
IN19A041,16
IN23B023,16
IN04B100,16
IN20A.22A017,16
IN02A029,16
IN19B091,16
IN04B081,16
IN20A.22A049,16
IN13A045,16
ENXXX226,16
SNpp58,16
IN01B080,16
AN10B037,15
IN19A093,15
IN03A045,15
IN20A.22A016,15
IN20A.22A036,15
LgLG6,15
IN06A113,15
IN20A.22A055,15
IN20A.22A085,15
AN08B018,14
ANXXX027,14
DNge091,14
w-cHIN,14
Pleural remotor/abductor MN,14
IN23B018,14
Sternotrochanter MN,14
IN04B068,14
IN06B059,14
IN13A050,14
IN06A075,14
IN02A030,14
IN02A054,14
IN14A078,14
IN19B067,14
IN04B078,14
IN03A046,14
IN08A011,14
IN12B036,14
IN23B028,14
IN12B072,14
vMS11,14
IN03B072,14
IN05B090,14
IN03A094,14
IN03B069,14
SNxx19,14
LgLG8,14
IN08A041,14
IN19A098,14
SAxx01,13
DNge094,13
AN10B046,13
GFC3,13
IN03A067,13
INXXX290,13
IN06A132,13
IN04B102,13
IN13A038,13
IN20A.22A067,13
LgLG5,13
SNpp16,13
IN06A022,13
IN10B041,13
IN13A068,13
IN09A064,13
IN19A114,13
IN13A059,13
IN03B091,13
IN10B059,13
"SNta19,SNta37",13
SNpp56,13
SNpp53,13
AN19A018,12
DNg03,12
DNg06,12
DNp17,12
DNg10,12
"SApp19,SApp21",12
SAxx02,12
AN07B089,12
AN10B039,12
IN20A.22A001,12
INXXX468,12
Ti extensor MN,12
Sternal anterior rotator MN,12
IN19A016,12
IN08A019,12
IN09A060,12
IN20A.22A008,12
IN06B029,12
IN01A045,12
IN17A028,12
IN20A.22A007,12
INXXX287,12
IN08B054,12
IN17A052,12
INXXX258,12
IN02A033,12
IN01A038,12
IN19A060_d,12
IN16B042,12
IN20A.22A041,12
MNad02,12
INXXX429,12
"IN21A023,IN21A024",12
SNpp17,12
Tergotr. MN,12
IN06B073,12
IN08A028,12
IN09A022,12
IN19A064,12
IN12B025,12
IN16B045,12
MNad13,12
IN09B038,12
IN14A015,12
INXXX431,12
IN03B061,12
IN06B079,12
ltm2-femur MN,12
IN11A021,12
IN20A.22A051,12
IN03B071,12
IN12B030,12
IN08B093,12
IN20A.22A071,12
IN13A051,12
IN07B087,12
SNta14,12
IN21A037,12
IN02A059,12
IN13A062,12
SNpp07,12
IN09A046,12
IN09A092,12
IN13B090,12
SNxx26,12
IN20A.22A077,12
IN11B017_b,12
IN20A.22A028,12
SNta36,12
IN03B055,12
IN20A.22A084,12
SNpp57,12
IN07B102,12
DNge019,11
AN09A005,11
DNpe015,11
LgAG2,11
AN10B053,11
AN10B035,11
AN08B113,11
IN03A073,11
IN03A030,11
IN20A.22A006,11
IN17A061,11
IN03A068,11
IN12B027,11
SNxx11,11
IN14A020,11
IN09A093,11
IN03A075,11
IN04B018,11
IN01A082,11
IN13B022,11
IN23B032,11
IN03A055,11
IN20A.22A012,11
IN03A039,11
Tr extensor MN,11
IN20A.22A058,11
IN06A116,11
IN11B018,11
IN13B078,11
IN07B065,11
IN12A054,11
IN20A.22A060,11
IN12B048,11
IN19A108,11
IN19A059,11
IN00A057,11
IN08A030,11
IN10B044,11
IN19A106,11
IN20A.22A069,11
IN09A079,11
IN14A110,11
IN02A066,11
AN09B004,10
DNg02_a,10
ANXXX169,10
DNg12_b,10
DNge071,10
SApp04,10
INXXX217,10
AN08B098,10
AN07B069_b,10
IN06B017,10
AN08B100,10
AN12B060,10
AN19B101,10
IN23B046,10
IN16B083,10
INXXX396,10
IN23B037,10
IN13B058,10
IN19A073,10
INXXX045,10
INXXX269,10
IN06B063,10
IN03A089,10
IN12B034,10
IN03A031,10
IN07B061,10
IN20A.22A045,10
IN06A102,10
IN06A117,10
SNxx25,10
IN03A051,10
IN03A037,10
IN18B038,10
GFC2,10
IN13A057,10
IN04B036,10
IN04B017,10
IN02A044,10
IN09A055,10
IN01A050,10
IN04B032,10
IN07B075,10
IN03A052,10
IN07B081,10
IN03A059,10
IN01A079,10
SNta06,10
IN23B060,10
IN10B050,10
IN11B013,10
SNxx15,10
INXXX363,10
INXXX436,10
IN07B086,10
IN20A.22A015,10
IN13A035,10
IN03A064,10
IN06A106,10
IN23B056,10
IN14A023,10
IN07B079,10
IN13B079,10
IN08A034,10
IN19B089,10
IN12B059,10
IN12A044,10
IN08A047,10
IN13B056,10
IN16B077,10
IN08A031,10
SNpp61,10
SNpp48,10
IN20A.22A043,10
IN06B074,10
IN16B099,10
IN19B071,10
IN12B056,10
INXXX295,10
IN11B020,10
IN06A104,10
IN11B023,10
SNch05,10
ANXXX202,9
AN07B062,9
AN07B085,9
AN19B104,9
IN08A050,9
IN08B085_a,9
INXXX230,9
IN00A031,9
IN07B055,9
IN04B031,9
IN23B043,9
IN03A066,9
IN13A029,9
IN13B026,9
IN03A069,9
IN04B013,9
IN06B069,9
IN01B020,9
IN19B043,9
IN14A090,9
IN16B061,9
IN03A060,9
IN13A047,9
IN19B090,9
IN10B028,9
IN13A030,9
IN07B054,9
IN08A048,9
ltm1-tibia MN,9
"IN09A056,IN09A072",9
IN11B014,9
IN13B044,9
IN20A.22A019,9
IN14A052,9
IN06B078,9
SNpp62,9
IN09A047,9
IN02A049,9
IN20A.22A050,9
IN06B056,9
IN03B070,9
IN07B099,9
IN23B049,9
IN04B015,9
IN23B074,9
IN01A073,9
IN19B086,9
IN06B080,9
IN20A.22A047,9
IN09A074,9
IN06B064,9
IN07B066,9
IN01A070,9
IN20A.22A065,9
IN05B091,9
IN20A.22A059,9
IN03B064,9
IN23B089,9
IN20A.22A086,9
IN07B100,9
IN09A071,9
IN03B086_d,9
IN09A096,9
IN03B088,9
AN05B097,8
AN09B023,8
EN00B026,8
AN17A015,8
AN09B018,8
DNg12_a,8
DNge115,8
DNge085,8
DNpe054,8
ANXXX084,8
"SApp11,SApp18",8
AN07B049,8
SApp13,8
AN08B079_b,8
LgAG4,8
LgAG8,8
AN10B034,8
SNpp30,8
Tergopleural/Pleural promotor MN,8
IN03B035,8
IN19A008,8
INXXX044,8
INXXX126,8
IN23B009,8
INXXX297,8
IN12B035,8
IN09A006,8
vPR6,8
IN13A034,8
DLMn c-f,8
IN12B020,8
INXXX440,8
IN21A017,8
IN06A063,8
IN19B068,8
IN23B008,8
IN12A036,8
IN19A096,8
IN13B050,8
IN20A.22A010,8
IN16B055,8
IN01A059,8
IN08B056,8
IN19B050,8
INXXX231,8
INXXX332,8
MNad14,8
INXXX315,8
IN03A033,8
MNad06,8
SNpp32,8
IN13A055,8
IN06B070,8
IN13A022,8
IN06A083,8
SNpp34,8
IN01A061,8
MNad17,8
MNad16,8
IN11A003,8
MNad11,8
IN13B087,8
IN13A020,8
IN01A040,8
IN02A023,8
IN03A091,8
INXXX364,8
IN20A.22A042,8
IN16B052,8
INXXX341,8
IN08B082,8
IN08A037,8
IN23B040,8
IN13B033,8
IN03A077,8
IN23B087,8
IN12B023,8
IN20A.22A044,8
IN12B053,8
IN06A019,8
IN21A051,8
IN20A.22A022,8
IN01B026,8
GFC4,8
INXXX321,8
IN12B052,8
IN06A094,8
IN04B108,8
"SNta22,SNta33",8
IN12A042,8
IN12B038,8
IN14A029,8
IN14A086,8
IN07B096_b,8
"IN06A126,IN06A137",8
IN13B035,8
IN03B079,8
IN12B071,8
IN13A040,8
IN16B073,8
IN04B077,8
IN19A099,8
IN04B112,8
IN01B033,8
IN09A095,8
"IN20A.22A070,IN20A.22A080",8
IN19B075,8
IN04B048,8
IN14A077,8
MNad09,8
IN03A081,8
IN13B065,8
IN16B108,8
IN12B081,8
IN14A109,8
IN23B081,8
IN20A.22A018,8
IN13A049,8
IN06B081,8
IN16B106,8
IN04B105,8
IN01B042,8
"IN14A042, IN14A047",8
IN11B015,8
IN12B058,8
IN02A062,8
IN01A076,8
"SNta25,SNta30",8
IN12B075,8
IN01B084,8
IN06B085,8
IN11B025,8
"SNta27,SNta28",8
IN06A124,8
IN02A047,8
IN08B036,8
IN06A136,8
IN11B019,8
IN01B082,8
IN20A.22A076,8
IN03B074,8
IN19B103,8
"SNta28,SNta44",8
IN02A058,8
IN11B022_c,8
IN03B083,8
IN03B077,8
ANXXX007,7
AN06B039,7
DNge024,7
AN05B068,7
AN12B089,7
LgAG3,7
AN19B059,7
AN10B033,7
AN08B079_a,7
AN07B056,7
AN07B045,7
AN08B061,7
AN10B061,7
IN23B007,7
IN23B020,7
IN13B027,7
IN08B062,7
"IN09A080, IN09A085",7
IN10B030,7
IN08A035,7
IN13B025,7
IN13A036,7
INXXX369,7
IN04B101,7
IN14A038,7
IN04B010,7
IN04B071,7
MNad01,7
IN09A024,7
IN13B045,7
INXXX228,7
IN04B092,7
IN00A063,7
IN13B032,7
IN09A069,7
IN20A.22A038,7
IN19B094,7
IN14A114,7
IN13B093,7
IN11A008,7
IN12B031,7
IN13A028,7
IN03A062_e,7
IN08B008,7
IN03A036,7
IN09A033,7
IN06B043,7
IN14A018,7
SNpp33,7
IN01A054,7
IN14A017,7
IN12B039,7
IN14A028,7
IN06A099,7
"MNad18,MNad27",7
IN06B077,7
IN04B103,7
IN06B086,7
IN21A058,7
IN19A060_c,7
IN17A064,7
IN12B074,7
IN03B080,7
SNpp10,7
IN04B104,7
IN03A065,7
IN01B061,7
IN04B079,7
IN00A056,7
IN06A044,7
IN08B091,7
IN03A093,7
IN01A088,7
SNpp37,7
IN16B121,7
IN08A032,7
IN13A046,7
IN07B080,7
IN13A041,7
INXXX452,7
IN09A005,7
IN19B057,7
IN08A023,7
IN10B038,7
SNpp25,7
IN12B065,7
IN06A110,7
IN20A.22A074,7
IN08A046,7
IN14A074,7
IN09A083,7
IN13A060,7
IN14A105,7
IN01B074,7
IN20A.22A052,7
IN12A064,7
IN14A095,7
IN14A120,7
IN20A.22A091,7
INXXX454,7
IN01B073,7
IN08B070_b,7
IN09A090,7
IN21A093,7
IN06A138,7
SNpp55,7
IN14A056,7
AN10B022,6
AN12B004,6
AN04B003,6
AN01B002,6
AN12B017,6
AN12B019,6
AN17B008,6
AN08B022,6
AN10B019,6
ANXXX098,6
DNg11,6
AN27X018,6
DNge111,6
AN05B099,6
AN10B020,6
AN08B034,6
AN17A003,6
AN08B024,6
AN04B023,6
AN09B009,6
AN09B033,6
AN08B026,6
DNg09_a,6
AN17A062,6
DNg12_e,6
DNpe009,6
DNg110,6
AN08B031,6
AN01B004,6
AN07B005,6
AN01B005,6
AN17A018,6
AN10B029,6
AN05B100,6
AN17A014,6
AN08B023,6
AN10B027,6
DNge114,6
DNg18_b,6
AN08B074,6
DNge089,6
AN07B052,6
AN16B078_d,6
DNge179,6
AN01B011,6
SApp14,6
AN18B053,6
AN16B078_c,6
AN07B072_e,6
DNge020,6
AN17A024,6
AN04A001,6
AN09B035,6
AN06B068,6
AN08B101,6
AN09B040,6
AN07B070,6
AN05B104,6
AN10B048,6
AN19B065,6
AN07B060,6
AN19B079,6
AN06A112,6
AN07B110,6
IN05B070,6
IN17A001,6
IN07B007,6
IN19A002,6
IN19A001,6
IN12B002,6
IN21A001,6
IN09A001,6
DVMn 1a-c,6
IN14A002,6
IN08A007,6
INXXX464,6
IN19B003,6
INXXX032,6
IN01A035,6
IN08A002,6
IN19A011,6
IN07B002,6
IN09A014,6
IN19B012,6
IN05B028,6
IN01A012,6
IN03A004,6
IN19A007,6
IN16B020,6
IN13A001,6
IN13B004,6
IN19A015,6
IN13A003,6
IN17A017,6
IN03A010,6
IN13A002,6
IN26X001,6
IN07B006,6
IN03A020,6
IN17A019,6
IN13B011,6
IN19A004,6
INXXX149,6
IN13A008,6
IN13A010,6
IN12B003,6
IN13A005,6
MNad07,6
IN06B008,6
IN19A005,6
IN13A007,6
IN17A007,6
IN09A002,6
IN16B074,6
IN13B001,6
IN21A008,6
IN04B008,6
IN16B016,6
IN21A002,6
IN13B005,6
IN21A019,6
IN03A006,6
IN14A006,6
IN03B021,6
IN01B003,6
IN13A009,6
IN19A003,6
IN13A012,6
IN21A014,6
IN03A007,6
IN09A003,6
IN01A011,6
IN08A006,6
IN11A028,6
IN21A004,6
IN03A040,6
IN13B013,6
IN19A032,6
IN13B021,6
IN21A016,6
IN09A018,6
IN13A006,6
IN19A084,6
IN19A020,6
IN14A001,6
IN21A003,6
IN09B008,6
IN14A008,6
IN01B002,6
IN19A029,6
IN08A005,6
IN13B009,6
INXXX100,6
IN16B032,6
IN08A008,6
IN01B008,6
IN12B007,6
IN16B018,6
IN13A018,6
IN20A.22A005,6
IN14A005,6
IN17A022,6
IN13B014,6
IN11A020,6
IN13B012,6
IN09A013,6
IN09B005,6
IN21A010,6
IN06A064,6
INXXX466,6
IN06B061,6
IN19A088_c,6
INXXX058,6
IN21A009,6
IN12B018,6
IN14A004,6
IN10B014,6
IN09B045,6
IN17A025,6
IN21A011,6
IN21A018,6
IN21A012,6
IN21A015,6
IN19A030,6
IN13B006,6
vMS12_a,6
IN01A023,6
IN14A007,6
IN23B024,6
IN13B023,6
IN08A022,6
IN18B021,6
IN21A020,6
IN14A011,6
IN21A007,6
IN09A017,6
IN26X002,6
IN01A015,6
IN08B040,6
IN16B036,6
IN01A039,6
IN17A041,6
IN01B012,6
IN14A012,6
IN21A006,6
IN14A010,6
IN20A.22A064,6
IN01A032,6
IN01A062_c,6
IN21A013,6
IN17A020,6
IN03B052,6
IN08B042,6
IN13A014,6
IN16B030,6
IN21A028,6
IN03A014,6
IN16B033,6
IN12B069,6
IN03A053,6
IN16B029,6
IN12B012,6
IN09A010,6
IN19A022,6
INXXX253,6
IN03B042,6
IN23B022,6
IN12B086,6
IN23B013,6
IN01B006,6
IN21A035,6
IN09A016,6
IN11B001,6
IN02A010,6
IN09A044,6
SNta13,6
IN07B029,6
IN00A011,6
IN14A009,6
IN23B014,6
IN01B007,6
IN20A.22A081,6
IN06A096,6
IN03A054,6
IN13B029,6
IN05B017,6
IN09A019,6
IN13A054,6
IN01A041,6
"IN17A080,IN17A083",6
INXXX402,6
IN09A031,6
IN06A125,6
INXXX405,6
IN09A012,6
IN19A021,6
IN03A085,6
IN16B125,6
IN06B076,6
IN19B056,6
IN01A031,6
IN20A.22A004,6
IN21A061,6
IN04B044,6
IN17A044,6
IN12B088,6
IN06A070,6
IN12B079_c,6
IN14A024,6
IN06B058,6
IN13A019,6
IN12A052_b,6
IN12B022,6
IN03A019,6
IN23B086,6
IN01A048,6
IN08A045,6
IN14A013,6
IN08B037,6
IN12A027,6
IN01A036,6
IN21A022,6
IN06B040,6
IN04B027,6
IN09A057,6
IN03A027,6
IN14A014,6
IN13B018,6
IN23B030,6
IN01A077,6
INXXX316,6
IN13B017,6
IN13B019,6
IN01A025,6
MNad08,6
IN00A026,6
IN00A024,6
IN02A020,6
IN03A057,6
IN21A049,6
IN16B053,6
IN09A020,6
IN13A021,6
IN23B047,6
INXXX281,6
INXXX331,6
IN19B066,6
IN19A046,6
SNta05,6
IN01A058,6
IN08B068,6
IN01B010,6
IN21A042,6
INXXX443,6
IN00A045,6
IN19A045,6
IN04A002,6
IN16B041,6
IN11A025,6
IN16B037,6
IN13B054,6
IN23B031,6
MNad03,6
IN16B058,6
IN01B022,6
IN20A.22A030,6
IN12A035,6
MNad10,6
IN03B084,6
IN23B025,6
IN13A024,6
"IN14A042,IN14A047",6
INXXX417,6
IN03A029,6
IN06B071,6
IN20A.22A054,6
SNxx17,6
IN14B010,6
IN04B084,6
IN14A087,6
IN01A069,6
IN12B024_a,6
IN03A092,6
INXXX377,6
INXXX280,6
IN02A015,6
IN09A027,6
IN12B024_b,6
IN14A037,6
IN06A066,6
IN07B068,6
IN16B070,6
IN06A109,6
IN11A022,6
IN18B042,6
IN12B024_c,6
IN13B036,6
IN23B070,6
IN04B091,6
IN12B068_a,6
IN11A014,6
IN07B048,6
IN08B065,6
IN09B046,6
INXXX415,6
IN17A111,6
IN01B067,6
INXXX386,6
IN19B073,6
IN23B063,6
IN03B054,6
IN14A025,6
INXXX416,6
IN02A043,6
IN18B054,6
IN03A047,6
IN09A021,6
IN10B033,6
IN09B043,6
IN08A024,6
IN03A084,6
IN23B078,6
IN04B037,6
IN01A078,6
IN13B070,6
"IN17A088, IN17A089",6
IN19A061,6
IN12B063_c,6
IN03B056,6
IN16B093,6
IN21A038,6
IN04B063,6
IN04B062,6
IN07B044,6
IN00A054,6
IN06A140,6
IN14A044,6
IN13A044,6
SNxx10,6
IN16B071,6
IN21A054,6
IN16B098,6
IN21A044,6
IN07B094_b,6
IN09B047,6
IN14A108,6
IN18B051,6
IN23B054,6
IN09A070,6
IN20A.22A056,6
IN06B087,6
IN01B025,6
IN12B043,6
IN02A064,6
IN19B084,6
IN13A042,6
IN06A042,6
Sternal adductor MN,6
IN13B057,6
SNxx28,6
IN02A057,6
IN12B026,6
IN19A054,6
IN09A049,6
IN16B069,6
IN13B074,6
IN09A078,6
IN10B054,6
IN06A072,6
IN16B097,6
IN12A062,6
IN01B049,6
IN09A091,6
IN01A071,6
IN01A066,6
IN06A011,6
IN01B052,6
IN02A052,6
SNpp11,6
IN06B082,6
IN05B088,6
IN21A056,6
IN09A042,6
IN19B080,6
IN07B083_b,6
IN03B063,6
IN16B082,6
SNpp38,6
IN07B090,6
SNpp35,6
IN16B090,6
IN06A103,6
IN12B054,6
IN09B049,6
IN09A063,6
IN13B064,6
IN10B052,6
IN09A073,6
SNpp14,6
IN21A077,6
IN09A066,6
IN09A045,6
SNpp15,6
IN14A118,6
IN08B104,6
IN07B077,6
IN02A045,6
IN19A100,6
IN02A048,6
IN09A054,6
IN21A078,6
IN06A108,6
IN03B081,6
IN03B090,6
IN12B044_e,6
IN16B089,6
IN13B076,6
SNpp20,6
IN01A081,6
IN19A067,6
IN12A063_b,6
IN13A061,6
"SApp23,SNpp56",6
MNml78,6
IN13B097,6
SNxx16,6
Ta depressor MN,6
IN06B065,6
"IN14A048, IN14A102",6
MNml80,6
SNpp59,6
AN00A006,5
AN06B002,5
DNg12_c,5
DNg02_b,5
DNge108,5
DNg36_b,5
AN14A003,5
ANXXX145,5
AN12B055,5
AN08B059,5
LgAG7,5
AN08B097,5
AN19B093,5
AN08B047,5
AN07B076,5
AN06A092,5
AN07B091,5
IN17A016,5
IN01B079,5
IN13B010,5
IN08B108,5
IN08A040,5
IN04B024,5
IN17A094,5
IN23B039,5
IN23B041,5
IN04B025,5
IN12A030,5
IN20A.22A013,5
IN05B065,5
IN13A015,5
IN20A.22A023,5
IN08B063,5
IN00A033,5
IN23B057,5
IN00A017,5
IN20A.22A066,5
IN20A.22A035,5
IN12B033,5
IN19A085,5
IN04B029,5
IN00A048,5
IN19B070,5
TN1c_a,5
IN09A086,5
INXXX283,5
IN19A056,5
IN03B092,5
SNta12,5
IN01B021,5
IN04B011,5
IN13B042,5
IN14B011,5
INXXX370,5
IN04B009,5
IN19A113,5
IN04B041,5
IN11A005,5
IN14A021,5
"IN17A071, IN17A081",5
IN07B073_a,5
IN06B052,5
IN11A007,5
IN19A048,5
IN23B066,5
SNxx30,5
IN09A088,5
IN08A027,5
IN03A044,5
IN19B095,5
IN04B060,5
"IN17A082, IN17A086",5
IN14A043,5
IN19B077,5
IN13B028,5
IN21A063,5
IN07B073_e,5
IN17A049,5
IN23B085,5
IN07B073_b,5
IN04B067,5
IN19A042,5
IN04B107,5
MNad05,5
IN06B036,5
IN19A057,5
"IN17A113,IN17A119",5
"IN20A.22A061,IN20A.22A068",5
IN04B076,5
IN12B029,5
IN16B079,5
IN12B040,5
IN03A058,5
IN00A030,5
IN20A.22A046,5
IN03A078,5
IN00A047,5
IN08A029,5
IN00A040,5
IN06B072,5
IN17A078,5
IN06A079,5
IN12B049,5
IN03A087,5
IN18B048,5
IN10B040,5
SNxx08,5
IN01B053,5
IN16B105,5
IN13B052,5
IN01B054,5
IN09A050,5
IN06A086,5
IN06A061,5
IN19A102,5
IN09A026,5
INXXX326,5
IN23B090,5
IN13B055,5
IN14A058,5
IN06A077,5
IN09A094,5
IN04B070,5
IN14A034,5
"IN04B113, IN04B114",5
"IN20A.22A049,IN20A.22A067",5
IN13A075,5
IN23B072,5
IN16B118,5
IN11B021_b,5
Ta levator MN,5
IN13A067,5
IN18B055,5
IN11A043,5
IN01B078,5
SNpp44,5
IN13A043,5
IN16B091,5
IN13B098,5
IN14A076,5
IN07B096_a,5
"IN19A095, IN19A127",5
IN03A097,5
IN09A081,5
SNta22,5
IN20A.22A026,5
IN01B081,5
IN19A082,5
IN06A135,5
IN02A055,5
IN21A083,5
IN09B054,5
IN20A.22A088,5
IN14A096,5
IN19A065,5
IN01B097,5
"IN14A100, IN14A113",5
AN27X013,4
AN05B101,4
AN06B007,4
AN08B012,4
DNg102,4
MDN,4
DNb02,4
AN08B010,4
DNa13,4
DNg79,4
DNde003,4
DNg26,4
DNpe031,4
DNb08,4
DNge136,4
AN17B013,4
DNbe002,4
DNge113,4
DNpe003,4
DNp41,4
ANXXX120,4
AN19B036,4
"DNp51,DNpe019",4
DNg52,4
DNg51,4
DNge046,4
DNge172,4
AN09B012,4
DNpe014,4
DNg72,4
AN27X009,4
DNg04,4
DNx02,4
DNpe004,4
AN04B001,4
AN17A012,4
DNge145,4
ANXXX041,4
DNge181,4
DNb03,4
AN08B112,4
DNpe012_a,4
DNg82,4
AN05B009,4
AN19B001,4
AN07B037_a,4
AN08B028,4
AN09B029,4
DNg02_g,4
DNg36_a,4
AN09B060,4
AN07B013,4
ANXXX116,4
AN08B009,4
ANXXX150,4
DNpe012_b,4
ANXXX049,4
AN18B019,4
DNge087,4
IN05B022,4
AN10B015,4
ANXXX170,4
DNge093,4
AN10B024,4
AN12B008,4
DNge117,4
DNg12_f,4
AN03B011,4
AN09B020,4
DNg92_b,4
DNge092,4
AN08B084,4
DNge116,4
DNg05_b,4
AN19B044,4
ANXXX200,4
AN07B035,4
DNge009,4
AN05B106,4
AN09B037,4
AN08B049,4
AN09B030,4
LgAG6,4
DNpe057,4
AN05B050_c,4
DNpe029,4
AN05B062,4
AN05B096,4
AN19B009,4
AN05B063,4
DNpe011,4
AN07B041,4
AN08B081,4
AN08B099_a,4
"SNxx27,SNxx29",4
AN09B032,4
ANXXX380,4
LgAG5,4
AN16B112,4
AN07B042,4
AN08B106,4
AN06B051,4
AN17A013,4
AN19B060,4
IN19A006,4
AN19B051,4
AN04B004,4
IN00A053,4
AN06A026,4
AN07B050,4
AN07B071_c,4
IN10B007,4
AN07B071_d,4
AN06A062,4
AN19B063,4
AN19B061,4
AN06A080,4
AN05B054_b,4
AN05B053,4
AN07B046_a,4
AN19B099,4
AN07B069_a,4
IN07B063,4
MNad21,4
LN-DN2,4
IN10B036,4
IN17A037,4
DNge061,4
DNg02_c,4
AN19B098,4
IN04B053,4
IN23B006,4
IN05B010,4
IN03B020,4
IN07B001,4
INXXX095,4
IN09A004,4
IN19B021,4
IN12A001,4
IN19A019,4
IN06B035,4
IN07B012,4
IN19A014,4
IN23B005,4
IN19A010,4
IN03B032,4
IN01A034,4
IN06B016,4
INXXX027,4
IN14B005,4
INXXX271,4
IN12B013,4
IN01A009,4
IN08B004,4
IN05B016,4
IN07B009,4
IN18B016,4
IN10B011,4
IN13A004,4
IN09A007,4
IN18B005,4
IN02A012,4
IN01A010,4
IN09A009,4
IN03A001,4
IN19B035,4
IN04B034,4
INXXX247,4
IN19A009,4
IN03B019,4
IN07B038,4
IN09B006,4
IN02A007,4
INXXX008,4
IN16B022,4
MNad19,4
EN00B013,4
IN12A003,4
INXXX062,4
IN12B011,4
MNad22,4
IN02A003,4
IN10B012,4
IN12A002,4
IN00A025,4
IN19A012,4
IN13A052,4
INXXX306,4
IN13A013,4
IN13B088,4
IN04B090,4
INXXX096,4
IN06B013,4
IN17B004,4
IN09B022,4
IN04B022,4
INXXX246,4
IN08B067,4
IN05B033,4
IN18B011,4
IN03B015,4
INXXX307,4
IN06B030,4
INXXX262,4
IN03A009,4
INXXX409,4
IN12B047,4
IN23B021,4
IN06B024,4
IN01A007,4
INXXX329,4
INXXX352,4
INXXX260,4
TN1a_g,4
IN19A088_b,4
IN17B015,4
IN19A027,4
INXXX122,4
IN10B023,4
IN08B046,4
INXXX273,4
INXXX328,4
IN04B054_b,4
INXXX471,4
STTMm,4
IN00A009,4
IN12B005,4
IN19A024,4
IN12A011,4
IN01A043,4
IN01A005,4
IN20A.22A002,4
INXXX473,4
INXXX243,4
IN12B014,4
INXXX239,4
IN12A015,4
IN23B033,4
IN09B044,4
IN19A013,4
IN16B049,4
IN03B046,4
INXXX265,4
IN01B014,4
IN06B042,4
IN21A005,4
INXXX301,4
INXXX209,4
IN27X002,4
IN14B007,4
INXXX279,4
INXXX350,4
IN06B067,4
IN11A002,4
IN03B049,4
INXXX213,4
IN03A035,4
IN18B020,4
hi2 MN,4
"IN17A059,IN17A063",4
IN07B030,4
IN05B032,4
INXXX221,4
IN07B033,4
IN07B023,4
IN08B030,4
IN13B096_a,4
IN17A093,4
IN13A027,4
IN00A051,4
IN20A.22A003,4
IN13A037,4
IN03A070,4
INXXX212,4
IN26X003,4
MNad53,4
IN00A038,4
IN03A080,4
IN00A027,4
IN12B028,4
IN06A020,4
IN17A058,4
IN12A061_c,4
IN03A017,4
IN12A025,4
IN03A013,4
IN23B065,4
IN08A016,4
TN1a_f,4
IN19A026,4
IN05B042,4
IN12B032,4
INXXX110,4
INXXX346,4
IN06B033,4
IN04B087,4
IN03A034,4
IN21A085,4
IN06B028,4
IN02A019,4
SNta10,4
INXXX267,4
INXXX382_b,4
IN23B017,4
INXXX263,4
INXXX215,4
"IN17A043, IN17A046",4
IN19B013,4
IN17A060,4
IN14A068,4
IN13B046,4
INXXX161,4
INXXX373,4
IN18B035,4
MNad15,4
IN04B080,4
IN12A039,4
"IN11A015, IN11A027",4
IN03A026_c,4
IN14A026,4
IN23B036,4
INXXX261,4
IN03B067,4
IN01A051,4
IN03A022,4
IN11A016,4
IN03B043,4
IN08B083_a,4
IN08B060,4
INXXX460,4
IN11A011,4
IN08A017,4
IN01A068,4
IN08B078,4
"IN19B045, IN19B052",4
IN12A053_c,4
INXXX378,4
INXXX387,4
IN09A053,4
IN04B050,4
IN03A024,4
IN23B045,4
IN01B046_b,4
"DVMn 2a, b",4
IN03A062_c,4
IN01B017,4
IN06A003,4
IN14A050,4
IN17A099,4
IN07B031,4
IN06B053,4
IN18B043,4
IN17A085,4
INXXX322,4
IN11A018,4
IN01A042,4
IN04B059,4
IN11A006,4
IN18B034,4
IN04B033,4
IN12A018,4
INXXX348,4
IN13B034,4
INXXX334,4
IN01A030,4
IN16B086,4
IN19B058,4
IN19A044,4
IN00A036,4
IN09A023,4
IN06B055,4
IN03A032,4
IN19B045,4
IN23B029,4
vPR9_a,4
INXXX474,4
INXXX353,4
IN12B078,4
TN1c_c,4
IN14B012,4
IN19B078,4
IN06B038,4
IN16B039,4
EN00B010,4
IN01B027_a,4
IN01B024,4
IN04B064,4
IN07B039,4
"IN16B088, IN16B109",4
"IN20A.22A036,IN20A.22A072",4
IN13B060,4
SNpp04,4
IN07B067,4
INXXX426,4
IN07B103,4
INXXX400,4
IN06A054,4
IN19B082,4
IN13A025,4
IN08B051_d,4
IN04B066,4
INXXX394,4
INXXX365,4
INXXX441,4
IN06A050,4
IN03A038,4
INXXX414,4
IN04B046,4
IN17A079,4
IN13B030,4
INXXX399,4
vMS12_c,4
IN08A038,4
IN00A022,4
IN13B080,4
IN04B028,4
IN03B053,4
IN01B027_b,4
INXXX406,4
IN08B087,4
AN05B108,4
IN11B009,4
IN04B026,4
IN03A041,4
IN19A090,4
IN12A041,4
IN23B062,4
vMS12_d,4
"DVMn 3a, b",4
IN17A090,4
IN19B040,4
INXXX293,4
IN18B047,4
IN07B073_c,4
IN13A023,4
IN01A065,4
IN13B037,4
IN05B085,4
IN14A032,4
IN04B095,4
IN06A065,4
IN09A030,4
IN19B038,4
IN16B062,4
IN03B012,4
IN08B058,4
IN01A056,4
IN01A075,4
IN05B066,4
IN12A037,4
IN08A021,4
IN19A052,4
IN08B064,4
IN00A043,4
IN08B055,4
IN16B080,4
IN09A034,4
INXXX418,4
IN08B077,4
SNpp06,4
INXXX427,4
IN11A031,4
"IN21A029, IN21A030",4
INXXX197,4
IN03B057,4
IN04B094,4
IN01A047,4
IN11A036,4
IN06A098,4
IN09A029,4
IN12B041,4
IN16B084,4
IN11A010,4
IN03B065,4
IN20A.22A070,4
IN13A053,4
IN07B058,4
IN09A076,4
IN01A083_b,4
IN03B078,4
IN23B058,4
MNad12,4
IN01B046_a,4
INXXX372,4
IN16B064,4
IN00A029,4
IN01A053,4
IN08B088,4
IN16B060,4
IN07B074,4
IN06B083,4
IN01B016,4
IN11A019,4
IN19A086,4
IN12B042,4
INXXX397,4
IN19A105,4
"IN20A.22A061,IN20A.22A066",4
IN03A088,4
IN02A036,4
IN11B024_c,4
IN19A043,4
INXXX407,4
IN10B031,4
IN20A.22A079,4
SNpp08,4
IN12B087,4
IN01B059_b,4
IN09A077,4
"IN23B044, IN23B057",4
IN11A030,4
IN14A106,4
IN06A090,4
IN04B088,4
IN08B092,4
"IN03A087, IN03A092",4
IN23B035,4
IN01A062_a,4
IN20A.22A033,4
IN11A034,4
IN06A087,4
IN04B096,4
IN07B027,4
IN13A032,4
IN11B024_b,4
IN01B062,4
IN14A119,4
IN12A059_e,4
IN18B052,4
IN07B092_a,4
IN09A037,4
IN16B051,4
IN19B048,4
IN06A052,4
IN12A057_a,4
INXXX411,4
IN03A082,4
IN07B064,4
IN20A.22A011,4
IN12B062,4
SNpp49,4
IN01B060,4
"IN09A025, IN09A026",4
IN16B063,4
IN16B092,4
IN16B056,4
IN06A111,4
IN06A088,4
INXXX395,4
IN02A035,4
IN11A032_d,4
IN03B062,4
IN03B059,4
IN06A097,4
IN06A119,4
INXXX428,4
IN14A039,4
IN00A065,4
"MNad04,MNad48",4
IN16B101,4
IN19B087,4
IN07B084,4
IN04B110,4
IN01B056,4
IN12A050_b,4
IN12A058,4
MNad25,4
IN06A033,4
INXXX438,4
INXXX424,4
IN19B054,4
IN08A039,4
IN12B073,4
SNpp21,4
IN05B064_b,4
IN02A034,4
IN21A079,4
IN01A064,4
SNpp24,4
IN06A071,4
EN27X010,4
IN12A043_d,4
IN01B039,4
IN21A047_d,4
IN05B089,4
"IN21A045, IN21A046",4
IN14A072,4
IN19B085,4
IN16B100_c,4
INXXX450,4
IN23B048,4
IN08A049,4
IN01A067,4
IN03B075,4
IN02A038,4
IN03A062_b,4
IN02A042,4
IN11B003,4
IN14A066,4
IN01A074,4
IN21A048,4
IN11B017_a,4
IN12B077,4
IN16B114,4
IN12B057,4
IN10B043,4
IN06A115,4
IN16B111,4
IN12B051,4
IN04B098,4
IN06A091,4
"INXXX447, INXXX449",4
INXXX437,4
IN09B050,4
IN21A116,4
IN01B041,4
IN02A040,4
IN14A081,4
IN16B059,4
IN09A052,4
IN02A056_a,4
IN06A093,4
IN11B021_c,4
IN13A058,4
IN02A050,4
IN11B021_e,4
"IN03B082, IN03B093",4
IN20A.22A082,4
IN19B081,4
IN14A046,4
IN07B092_d,4
"IN01B038,IN01B056",4
IN09A058,4
IN18B050,4
IN12B045,4
EN21X001,4
IN01B064,4
IN11B016_b,4
IN19A120,4
IN09A048,4
IN12A063_c,4
IN06A100,4
IN14A111,4
IN23B091,4
IN08B070_a,4
IN12A063_a,4
IN17A101,4
IN07B096_c,4
IN03A096,4
SNch09,4
IN02A063,4
IN13A072,4
IN11A044,4
IN01B100,4
IN21A102,4
IN02A060,4
IN06A129,4
IN09B053,4
IN01B083_c,4
SNpp03,4
IN19A110,4
IN21A086,4
IN21A041,4
EN00B023,4
IN11B022_a,4
ENXXX012,4
MNad54,4
IN14A035,4
IN01B099,4
IN04B111,4
IN01B098,4
IN13A071,4
"MNnm07,MNnm12",4
INXXX442,4
SNpp09,4
DNge001,3
DNge137,3
AN05B006,3
DNge177,3
DNge025,3
DNge095,3
DNge015,3
AN18B032,3
ANXXX338,3
AN05B052,3
AN05B078,3
AN12B076,3
DNg18_a,3
AN07B101_b,3
AN08B096,3
AN08B099_g,3
DNpe018,3
AN12B080,3
AN19B046,3
AN08B094,3
LgAG9,3
AN07B072_b,3
AN07B072_a,3
AN19B076,3
AN07B072_d,3
AN06A095,3
AN10B062,3
IN19A124,3
IN00A002,3
INXXX421,3
IN00A050,3
IN12B084,3
IN23B064,3
IN19A070,3
IN06A028,3
IN00A020,3
IN00A014,3
IN23B084,3
INXXX302,3
MNad20,3
EN00B016,3
vPR9_c,3
IN04B054_c,3
INXXX268,3
IN08B051_a,3
IN17A048,3
IN03A018,3
IN01B019_a,3
INXXX309,3
IN04B106,3
IN11A004,3
IN05B057,3
IN00A021,3
IN17A112,3
IN12B066_c,3
IN12A053_a,3
IN04B057,3
IN21A032,3
IN00A028,3
IN04B012,3
IN12A061_d,3
IN05B075,3
IN03A048,3
IN13B031,3
IN12A056,3
IN04B089,3
IN03A028,3
IN05B072_a,3
IN13B062,3
INXXX385,3
IN09A038,3
INXXX303,3
IN09A032,3
IN05B061,3
IN04B085,3
IN14A051,3
GFC1,3
"SNpp20,SApp02",3
IN08B072,3
IN00A035,3
IN08B083_d,3
IN12B068_b,3
IN01B069_b,3
IN00A049,3
INXXX360,3
IN23B059,3
IN00A041,3
IN01B037_b,3
IN07B094_a,3
IN17A053,3
IN14A036,3
IN06B050,3
IN11A017,3
IN21A080,3
IN01B034,3
IN04B086,3
IN08B051_c,3
IN00A062,3
IN16B054,3
IN01A063_b,3
IN23B068,3
IN16B085,3
IN16B075_f,3
IN03A083,3
IN23B053,3
IN23B061,3
IN03B086_b,3
IN04B030,3
IN07B076_c,3
EN00B015,3
IN23B073,3
IN14A107,3
IN21A026,3
IN07B073_d,3
IN01B040,3
IN04B097,3
IN06A057,3
IN00A067,3
IN11A032_e,3
IN20A.22A037,3
IN07B092_c,3
IN16B046,3
IN01B043,3
IN17A116,3
IN13B069,3
IN11A032_a,3
IN12A061_a,3
IN19A072,3
"IN08A026,IN08A033",3
IN17A118,3
IN19A103,3
IN14A045,3
IN13A063,3
IN21A076,3
IN13A069,3
IN01B075,3
IN20A.22A078,3
IN14A097,3
IN09A082,3
IN14A082,3
IN07B076_b,3
IN14A080,3
IN14A031,3
"SNta22,SNta23",3
IN09A087,3
IN19A111,3
"IN23B069, IN23B079",3
"IN17A109, IN17A120",3
IN12B061,3
IN03B085,3
EN00B008,3
IN21A099,3
"SNpp34,SApp16",3
IN03B086_e,3
IN19A088_e,3
IN14A089,3
IN06A139,3
IN21A034,3
IN17A110,3
IN11B016_c,3
IN07B096_d,3
IN11B021_a,3
IN20A.22A062,3
IN06A122,3
"SApp02,SApp03",3
IN20A.22A087,3
IN02A067,3
IN11A040,3
SApp05,3
IN01B092,3
IN19A133,3
IN03B086_a,3
IN21A096,3
IN16B107,3
IN01B091,3
IN19A121,3
MNhl65,3
IN16B100_a,3
IN00A019,3
IN11A012,3
IN21A100,3
IN19A135,3
DNp01,2
DNp18,2
pIP1,2
DNg56,2
DNg100,2
DNpe013,2
DNp20,2
DNp27,2
DNb05,2
DNp30,2
AN07B004,2
AN12B011,2
ANXXX033,2
aSP22,2
DNpe042,2
DNp11,2
DNp02,2
DNg30,2
DNg105,2
DNg74_a,2
DNg15,2
DNge103,2
DNg90,2
DNge036,2
DNg16,2
AN02A002,2
DNg75,2
DNp29,2
DNge083,2
DNge037,2
DNg35,2
DNpe056,2
DNp06,2
DNp35,2
DNg99,2
DNp55,2
DNp36,2
DNp31,2
DNg108,2
DNp47,2
DNp103,2
DNpe053,2
DNg34,2
DNge054,2
DNge050,2
DNge041,2
DNg22,2
DNp19,2
DNc02,2
DNp73,2
DNa02,2
DNg40,2
DNp59,2
DNa10,2
DNp63,2
DNp13,2
DNg98,2
DNb09,2
DNde002,2
DNp10,2
AN19B019,2
DNa01,2
DNge035,2
DNge138,2
DNpe025,2
DNa09,2
DNp08,2
DNbe001,2
DNge039,2
DNp62,2
DNg37,2
ANXXX109,2
DNg74_b,2
DNpe017,2
DNg29,2
DNa16,2
DNg88,2
AN06B009,2
DNg80,2
AN02A001,2
DNp26,2
DNg96,2
DNpe034,2
DNp70,2
IN06B012,2
DNge040,2
DNge011,2
DNp43,2
DNpe052,2
AN08B007,2
DNge059,2
DNp38,2
DNb01,2
DNge003,2
DNp33,2
DNge006,2
DNae009,2
DNg49,2
DNp48,2
DNge132,2
AN12B001,2
DNpe001,2
DNx01,2
DNb07,2
DNp42,2
DNg93,2
DNpe002,2
DNg24,2
DNge143,2
DNp03,2
pMP2,2
DNp23,2
AN01A089,2
DNp09,2
DNbe007,2
DNp66,2
DNge047,2
DNge062,2
DNa15,2
DNde005,2
AN19B017,2
CB0429,2
DNge053,2
DNge107,2
DNge049,2
DNge129,2
DNg39,2
DNb06,2
DNa04,2
DNpe045,2
DNp69,2
DNg70,2
DNp34,2
DNa11,2
DNa03,2
DNge146,2
DNbe004,2
DNae002,2
AN07B018,2
DNp05,2
DNge068,2
DNge032,2
DNp14,2
DNp12,2
DNg13,2
DNge067,2
DNg78,2
DNge141,2
DNbe003,2
pIP10,2
DNp04,2
DNge026,2
DNp71,2
DNd02,2
DNg32,2
DNg103,2
DNge051,2
DNp101,2
DNg19,2
DNpe007,2
DNp49,2
DNp15,2
DNg111,2
DNbe006,2
DNpe043,2
DNp45,2
DNd05,2
DNp68,2
DNp54,2
IN01A020,2
DNg104,2
DNge042,2
DNge048,2
DNae003,2
DNge027,2
DNc01,2
DNp102,2
DNg60,2
DNa08,2
DNpe023,2
DNg31,2
ANXXX127,2
DNge101,2
AN05B102a,2
DNge043,2
DNpe006,2
DNg27,2
DNb04,2
DNge065,2
DNd03,2
DNp07,2
DNg101,2
DNae001,2
DNpe021,2
DNpe022,2
DNge084,2
AN05B004,2
DNae007,2
DNpe032,2
ANXXX106,2
DNae005,2
DNpe005,2
DNp24,2
DNp64,2
DNge073,2
DNde007,2
DNp104,2
DNge142,2
DNae010,2
AN10B005,2
DNge123,2
DNge075,2
DNa05,2
DNpe050,2
AN19A038,2
DNp22,2
DNge023,2
DNbe005,2
DNd04,2
DNpe026,2
DNg38,2
DNp57,2
AN27X017,2
DNge018,2
AN09B017f,2
DNge099,2
DNg91,2
AN17A008,2
DNge135,2
DNde006,2
DNp58,2
AN01A055,2
DNg87,2
DNge044,2
DNg84,2
DNg68,2
DNg109,2
DNg48,2
DNpe027,2
DNg14,2
DNge056,2
DNg43,2
DNg59,2
DNp67,2
DNpe055,2
DNge080,2
DNge140,2
DNge007,2
DNp60,2
DNge148,2
DNge100,2
DNge124,2
DNge128,2
DNg50,2
DNge125,2
DNge060,2
DNge010,2
DNge028,2
AN06B014,2
DNge069,2
DNge004,2
AN27X021,2
DNge122,2
DNp44,2
DNge022,2
DNg71,2
AN06B011,2
DNge104,2
DNge033,2
DNae004,2
DNg44,2
DNge002,2
DNg54,2
DNpe030,2
DNpe049,2
DNge070,2
DNge098,2
DNde001,2
DNpe020,2
AN08B014,2
DNge076,2
DNge139,2
DNg95,2
DNge086,2
DNge133,2
AN08B032,2
DNge088,2
AN03A008,2
DNg85,2
DNg81,2
DNp53,2
DNg41,2
DNp46,2
DNp25,2
DNg33,2
AN08B020,2
AN09B017e,2
DNg20,2
ANXXX057,2
ANXXX093,2
DNp21,2
DNa14,2
DNge096,2
ANXXX102,2
ANXXX068,2
DNge106,2
DNg17,2
DNae008,2
DNge063,2
DNg73,2
DNg62,2
DNge082,2
DNge038,2
DNge008,2
DNpe035,2
AN06B040,2
AN06B004,2
DNg61,2
DNg97,2
AN17A026,2
DNg89,2
AN17B005,2
AN27X015,2
DNg63,2
DNge131,2
AN17A002,2
DNp65,2
DNg42,2
AN27X003,2
ANXXX250,2
DNg69,2
AN10B018,2
DNpe041,2
DNg76,2
DNge173,2
DNg64,2
AN17B012,2
DNge127,2
DNge077,2
DNae006,2
AN09B017g,2
DNpe040,2
DNg05_a,2
DNpe028,2
DNp28,2
AN07B037_b,2
AN05B103,2
DNge078,2
AN06B025,2
AN27X022,2
AN09B002,2
AN01A086,2
DNge121,2
DNge184,2
DNp39,2
DNge072,2
DNge052,2
ANXXX094,2
DNg09_b,2
AN06B037,2
DNge016,2
AN09B011,2
DNge147,2
DNge057,2
DNg47,2
AN17B009,2
DNg46,2
DNge097,2
DNg58,2
DNge175,2
AN17A050,2
ANXXX002,2
DNge030,2
AN10B017,2
AN09B017d,2
DNge012,2
DNge081,2
ANXXX071,2
DNg45,2
DNg21,2
DNg107,2
DNge058,2
AN17A076,2
AN23B001,2
DNge064,2
DNge013,2
AN07B017,2
DNge029,2
DNge034,2
DNpe033,2
AN08B025,2
AN12B006,2
DNg01_b,2
ANXXX139,2
AN05B102d,2
AN09B017c,2
AN18B022,2
AN19B028,2
AN19B025,2
DNg94,2
AN09B017b,2
AN17B016,2
DNg23,2
DNge134,2
AN10B026,2
ANXXX218,2
AN09B017a,2
ANXXX082,2
DNa07,2
DNpe036,2
DNge174,2
AN08B027,2
AN09B007,2
AN27X016,2
DNg02_d,2
AN10B021,2
AN06B034,2
DNg12_d,2
AN05B102c,2
AN02A009,2
AN05B023d,2
AN18B001,2
AN06B057,2
DNxl114,2
AN02A017,2
AN03B094,2
AN19B049,2
DNge105,2
AN06B026,2
ANXXX131,2
DNp16_a,2
AN12A003,2
DNg02_f,2
DNge021,2
AN09B027,2
ANXXX050,2
AN05B025,2
AN09B003,2
AN17B007,2
AN05B023c,2
AN02A005,2
AN06B090,2
DNpe037,2
AN18B004,2
AN03A002,2
AN23B003,2
AN08B069,2
DNge144,2
AN09B016,2
DNg12_h,2
ANXXX462a,2
DNpe010,2
AN19B024,2
ANXXX030,2
DNge110,2
ANXXX174,2
AN06A015,2
DNge183,2
ANXXX055,2
DNge178,2
ANXXX075,2
AN05B102b,2
AN07B106,2
ANXXX165,2
ANXXX005,2
INXXX056,2
DNg57,2
ANXXX151,2
AN01A033,2
AN02A025,2
AN09B014,2
DNp16_b,2
AN23B004,2
AN09B059,2
DNp72,2
AN08B086,2
AN08B013,2
AN19B110,2
AN10B008,2
AN23B010,2
AN19B014,2
AN13B002,2
AN09B034,2
AN27X008,2
AN08B048,2
AN12B005,2
DNg12_g,2
DNg83,2
AN08B050,2
AN06B089,2
dMS9,2
AN10B009,2
AN17A004,2
DNg67,2
ANXXX006,2
AN09B026,2
AN09B019,2
AN18B023,2
ANXXX191,2
AN05B035,2
ANXXX132,2
AN09B024,2
AN05B005,2
DNge120,2
AN06B012,2
DNge090,2
AN05B098,2
DNge014,2
AN07B036,2
DNge109,2
AN07B021,2
DNg53,2
AN19B015,2
ANXXX144,2
ANXXX026,2
AN09B015,2
AN09A007,2
AN01B018,2
AN05B044,2
ANXXX178,2
DNge074,2
AN06B005,2
ANXXX154,2
AN04B051,2
vMS13,2
ANXXX072,2
DNge180,2
DNge017,2
DNg01_c,2
AN05B021,2
AN03B009,2
AN17B011,2
ANXXX013,2
ANXXX152,2
AN05B095,2
AN06B088,2
AN07B040,2
DNge153,2
ANXXX404,2
DNg01_a,2
ANXXX136,2
AN19B042,2
IN17A029,2
AN06B075,2
AN06B023,2
AN03B050,2
AN09B031,2
AN09B028,2
AN17A009,2
AN19B004,2
AN18B002,2
AN09B036,2
AN02A016,2
AN01A049,2
ANXXX214,2
AN17A031,2
DNg05_c,2
AN06B044,2
DNpe024,2
AN08B016,2
AN07B015,2
DNge182,2
DNge154,2
AN16B078_a,2
ANXXX099,2
AN08B099_f,2
AN07B024,2
AN08B066,2
AN23B002,2
AN08B057,2
ANXXX130,2
AN18B025,2
AN07B043,2
vMS16,2
AN05B069,2
AN05B107,2
AN17A047,2
DNge126,2
AN09B006,2
AN06A016,2
ANXXX254,2
AN08B053,2
ANXXX296,2
IN27X001,2
DNge119,2
DNge102,2
AN08B015,2
LN-DN1,2
AN01A014,2
AN23B026,2
AN09B013,2
DNge176,2
AN03B039,2
ANXXX092,2
AN09B021,2
AN26X004,2
AN19A019,2
AN01B014,2
ANXXX410,2
ANXXX074,2
AN07B078_b,2
AN19B032,2
ANXXX037,2
AN19B039,2
AN17B002,2
AN05B023a,2
AN09B042,2
AN12A017,2
AN11B008,2
AN19B022,2
AN16B116,2
AN17A068,2
AN19B010,2
AN07B078_a,2
AN10B025,2
ANXXX264,2
AN02A022,2
AN01A006,2
AN07B025,2
AN05B058,2
AN07B101_c,2
DNge045,2
AN05B081,2
SApp20,2
AN05B049_c,2
AN01A021,2
AN18B020,2
INXXX063,2
AN06A017,2
AN17A073,2
AN03B095,2
AN02A046,2
EA06B010,2
ANXXX023,2
AN06A030,2
AN08B099_h,2
AN08B089,2
ANXXX024,2
AN07B011,2
SLP406,2
AN08B095,2
AN05B071,2
AN07B101_a,2
AN05B015,2
AN08B099_b,2
AN07B003,2
AN05B056,2
AN06B031,2
AN08B109,2
AN08B111,2
AN05B050_b,2
AN07B046_c,2
AN08B005,2
IN17A051,2
AN08B103,2
AN07B071_a,2
AN06B045,2
AN05B049_b,2
AN05B054_a,2
ANXXX171,2
AN07B072_f,2
IN06B027,2
AN08B099_c,2
AN07B082_d,2
AN07B057,2
AN05B045,2
AN07B032,2
AN05B050_a,2
AN07B072_c,2
AN06A060,2
AN06B048,2
AN07B082_b,2
AN06B046,2
AN06A018,2
AN08B099_e,2
AN07B082_c,2
AN08B099_d,2
AN16B078_b,2
AN06A041,2
AN14B012,2
ANXXX086,2
AN07B082_a,2
AN08B110,2
AN08B043,2
AN08B102,2
AN06A010,2
AN11B012,2
DNg65,2
AN07B046_b,2
AN18B003,2
AN05B048,2
AN09B044,2
AN07B063,2
AN16B081,2
AN19B100,2
DNg02_e,2
DNg92_a,2
AN08B107,2
AN06B042,2
DNge130,2
AN05B023b,2
AN10B031,2
AN07B100,2
ANXXX008,2
AN05B105,2
IN08B021,2
AN19B106,2
DNg01_d,2
AN19B102,2
EAXXX079,2
AN06A027,2
AN27X024,2
AN05B049_a,2
AN27X004,2
ANXXX308,2
AN05B076,2
AN19B018,2
DNge055,2
DNpe039,2
ANXXX434,2
AN27X020,2
ANXXX196,2
AN08B041,2
ANXXX255,2
DNa06,2
ANXXX108,2
DNpe016,2
DNp56,2
DNp32,2
EA27X006,2
DNge079,2
AN07B071_b,2
IN07B016,2
IN07B010,2
IN17B003,2
IN01A008,2
IN03A003,2
IN19B110,2
IN19B107,2
INXXX147,2
IN10B001,2
IN05B002,2
IN27X005,2
INXXX025,2
IN19B008,2
INXXX003,2
IN04B004,2
INXXX004,2
IN05B094,2
INXXX089,2
INXXX036,2
INXXX107,2
IN04B001,2
INXXX077,2
IN08B001,2
IN19B108,2
IN11A001,2
TTMn,2
INXXX042,2
IN10B004,2
INXXX022,2
MNwm36,2
MNwm35,2
INXXX038,2
IN01B001,2
IN23B001,2
MNml82,2
IN12A010,2
IN04B007,2
hg1 MN,2
IN06B018,2
IN02A004,2
IN05B034,2
IN05B005,2
IN05B003,2
IN13B007,2
INXXX011,2
IN18B015,2
IN13B048,2
IN07B008,2
IN03B011,2
IN05B011a,2
INXXX135,2
dPR1,2
IN05B008,2
INXXX087,2
MNhl64,2
INXXX052,2
IN13B059,2
IN04B005,2
IN05B012,2
IN17A013,2
i2 MN,2
IN10B003,2
INXXX039,2
IN08B080,2
IN03A023,2
IN11B004,2
IN05B039,2
IN27X004,2
IN03A026_b,2
INXXX158,2
IN06B003,2
IN05B030,2
INXXX137,2
IN02A008,2
IN05B031,2
IN18B006,2
IN08A003,2
IN12A004,2
MNhm42,2
MNad68,2
MNad49,2
IN04B006,2
IN03B005,2
IN02A026,2
IN19A018,2
IN19A017,2
IN23B011,2
IN12A019_c,2
IN08B017,2
IN17A011,2
IN18B008,2
IN08B006,2
MNad61,2
IN05B018,2
IN17B006,2
IN13A011,2
INXXX183,2
IN09B014,2
i1 MN,2
IN21A094,2
MNad64,2
INXXX115,2
IN05B021,2
INXXX143,2
IN04B002,2
IN08B019,2
IN19B004,2
IN03B022,2
ps1 MN,2
INXXX223,2
MNad41,2
IN05B020,2
IN14A093,2
IN07B013,2
IN14B002,2
IN17A040,2
IN19B011,2
IN00A001,2
INXXX129,2
IN19B007,2
IN17A023,2
INXXX029,2
IN19A028,2
hg4 MN,2
INXXX225,2
MNad33,2
IN14B004,2
IN10B006,2
tp2 MN,2
IN01A016,2
IN13B008,2
IN03B001,2
IN10B016,2
dMS5,2
IN10B015,2
IN06A024,2
IN04B075,2
INXXX111,2
IN06B006,2
vMS17,2
IN00A016,2
IN12A009,2
IN03A015,2
IN12A019_b,2
IN06B015,2
IN19B027,2
IN07B104,2
IN03A026_d,2
INXXX184,2
hg3 MN,2
INXXX065,2
IN06A005,2
IN16B014,2
INXXX084,2
INXXX007,2
INXXX031,2
IN19A142,2
IN03B025,2
IN06B014,2
IN14B001,2
IN12A012,2
b2 MN,2
IN12A006,2
IN18B009,2
IN05B001,2
INXXX232,2
IN10B010,2
IN12A021_a,2
tpn MN,2
IN12A007,2
SNpp12,2
IN17B014,2
LBL40,2
INXXX167,2
IN18B045_a,2
TN1a_h,2
IN05B038,2
IN19A040,2
IN19B005,2
MNhl02,2
IN12B010,2
INXXX324,2
b3 MN,2
INXXX073,2
"DLMn a, b",2
IN10B002,2
MNad42,2
IN05B073,2
b1 MN,2
MNnm13,2
IN07B022,2
IN19B015,2
MNhl59,2
IN10B013,2
IN12A043_c,2
IN01B072,2
IN03A043,2
IN03B036,2
IN12B009,2
INXXX181,2
MNad67,2
IN17A066,2
IN00A004,2
IN11B002,2
IN14B003,2
IN19B016,2
IN03B016,2
IN06B020,2
IN06B019,2
INXXX124,2
IN03A005,2
MNml81,2
IN27X007,2
IN03B028,2
IN16B024,2
INXXX048,2
IN18B033,2
IN18B017,2
IN19A034,2
IN12B004,2
IN17B010,2
IN18B012,2
IN07B020,2
IN17A042,2
IN01A028,2
INXXX349,2
IN06A013,2
IN01A017,2
IN18B013,2
INXXX076,2
IN06B054,2
IN01A027,2
IN17A032,2
INXXX066,2
ADNM1 MN,2
IN12A005,2
IN00A010,2
IN02A013,2
INXXX425,2
MNhl62,2
IN04B020,2
IN07B034,2
IN09A015,2
INXXX180,2
IN08B003,2
IN18B032,2
IN12B015,2
IN03B034,2
IN03B024,2
IN09A028,2
IN06B032,2
INXXX216,2
IN20A.22A029,2
INXXX192,2
INXXX188,2
SNpp31,2
IN18B018,2
IN17A030,2
INXXX101,2
IN06A006,2
IN23B095,2
IN00A007,2
INXXX091,2
vMS12_b,2
INXXX220,2
IN19B033,2
IN07B014,2
INXXX104,2
tp1 MN,2
IN13B063,2
IN19A033,2
IN12A008,2
IN06A038,2
IN03B029,2
MNad66,2
MNad65,2
IN06A004,2
INXXX288,2
MNnm03,2
MNnm08,2
IN19B020,2
IN05B013,2
TN1a_b,2
IN17A065,2
IN05B037,2
IN19B023,2
IN03A012,2
INXXX153,2
MNad62,2
IN19A037,2
MNad34,2
IN07B051,2
IN14B009,2
IN03B031,2
IN09A011,2
IN07B026,2
INXXX179,2
INXXX201,2
INXXX355,2
INXXX381,2
iii3 MN,2
IN09A089,2
IN07B028,2
IN19B030,2
IN04B061,2
IN02A018,2
IN03B008,2
PSI,2
IN18B014,2
IN23B012,2
IN00A012,2
IN01A002,2
IN06B022,2
INXXX319,2
IN04B039,2
IN18B031,2
IN23B016,2
MNad40,2
IN03A074,2
IN19B109,2
IN18B029,2
INXXX237,2
IN19A049,2
dMS10,2
IN21A021,2
IN19B031,2
IN27X014,2
IN13B085,2
IN18B028,2
IN05B019,2
INXXX351,2
MNhm03,2
IN12A016,2
IN14B006,2
INXXX242,2
IN12A026,2
IN13A031,2
MNad30,2
IN08B052,2
IN06A008,2
IN05B041,2
INXXX159,2
IN14B008,2
IN19A031,2
INXXX114,2
IN00A058,2
IN06A009,2
IN12A021_c,2
IN23B067_e,2
IN05B036,2
IN19B034,2
INXXX134,2
INXXX270,2
IN12A024,2
iii1 MN,2
ps2 MN,2
IN01A029,2
IN04B016,2
IN12B016,2
IN05B024,2
IN05B043,2
IN11B012,2
IN19B002,2
IN06A012,2
INXXX173,2
MNad23,2
IN03A011,2
MNad63,2
IN00A039,2
INXXX193,2
IN19A036,2
IN01A018,2
IN01B027_d,2
IN18B026,2
EN00B004,2
TN1a_d,2
INXXX199,2
INXXX194,2
IN18B037,2
INXXX133,2
INXXX146,2
IN11B005,2
INXXX320,2
MNml29,2
IN01A046,2
IN06A031,2
IN06A076_b,2
IN17A034,2
INXXX198,2
IN11A048,2
IN17A035,2
INXXX252,2
IN13A017,2
IN06B049,2
INXXX121,2
IN11A046,2
INXXX083,2
IN07B019,2
IN03A062_d,2
IN00A018,2
IN06A025,2
hDVM MN,2
INXXX285,2
INXXX054,2
IN01B032,2
IN12A021_b,2
INXXX227,2
IN00A042,2
IN12A019_a,2
INXXX142,2
IN01A024,2
IN00A061,2
INXXX235,2
vPR9_b,2
IN08B038,2
MNhm43,2
IN13B020,2
IN06A014,2
INXXX256,2
IN06A035,2
SNpp05,2
MNnm11,2
ANXXX157,2
INXXX206,2
IN17B001,2
IN06A021,2
INXXX300,2
IN04B014,2
INXXX035,2
IN12A034,2
MNad35,2
INXXX249,2
IN08B035,2
IN04B058,2
EN00B003,2
IN06A067_b,2
IN03B038,2
IN16B034,2
IN18B045_b,2
IN01B051_b,2
IN07B032,2
MNnm10,2
IN13B103,2
IN04B038,2
INXXX472,2
IN03A063,2
IN01A044,2
IN18B039,2
IN04B099,2
INXXX339,2
INXXX379,2
IN17A039,2
IN20A.22A063,2
IN17A074,2
MNad36,2
TN1a_e,2
IN12A048,2
IN13B104,2
IN08A012,2
IN08A010,2
IN17B008,2
MNnm09,2
TN1a_i,2
IN17B017,2
INXXX403,2
IN03A026_a,2
IN04B055,2
INXXX335,2
IN17A027,2
IN13B043,2
INXXX140,2
IN12A029_b,2
INXXX294,2
INXXX138,2
IN09A035,2
IN02A024,2
hg2 MN,2
IN16B068_a,2
INXXX241,2
IN06A034,2
IN09B048,2
IN12A053_b,2
IN13B067,2
IN01A037,2
IN11A013,2
IN09B018,2
IN08B029,2
TN1a_c,2
IN04B049_c,2
INXXX423,2
IN04B049_a,2
IN04B054_a,2
TN1a_a,2
ANXXX318,2
IN17A057,2
IN06A023,2
IN04B043_b,2
MNhl29,2
IN03A062_a,2
IN01A022,2
IN16B040,2
IN06A121,2
IN08B051_b,2
IN12A029_a,2
INXXX333,2
INXXX266,2
SNxx09,2
IN18B027,2
IN21A027,2
IN06A046,2
IN14A062,2
IN13A074,2
FNM2,2
IN01B023_c,2
IN12B037_a,2
IN23B092,2
INXXX214,2
ADNM2 MN,2
INXXX282,2
AN27X019,2
IN06A043,2
IN05B051,2
INXXX251,2
IN06A018,2
INXXX224,2
IN13B073,2
IN18B040,2
IN06A049,2
IN16B072,2
INXXX275,2
IN01A052_a,2
IN14A085_b,2
IN07B053,2
IN03A042,2
INXXX359,2
IN11A047,2
IN02A021,2
IN14A040,2
IN04B083,2
IN03A050,2
INXXX304,2
IN04B047,2
IN11B011,2
IN08B045,2
IN19B053,2
INXXX204,2
IN12A052_a,2
IN03A062_h,2
INXXX388,2
IN01B083_a,2
IN03B076,2
MNhl88,2
INXXX419,2
MNad26,2
IN18B036,2
IN12A031,2
IN13B024,2
IN18B046,2
IN11A049,2
IN19B047,2
IN04B056,2
IN00A034,2
IN19A060_a,2
IN08B075,2
IN07B083_d,2
IN12B037_b,2
IN21A062,2
IN08B073,2
hi1 MN,2
IN01A026,2
IN14A104,2
IN04B049_b,2
IN12B070,2
IN27X003,2
INXXX337,2
MNad32,2
IN23B067_b,2
IN08B033,2
AN27X011,2
IN19B041,2
IN12B063_a,2
IN04B035,2
INXXX284,2
IN17A033,2
IN03A062_f,2
IN13B099,2
IN06A016,2
IN06A055,2
INXXX233,2
IN06B025,2
INXXX357,2
IN19A088_d,2
IN00A032,2
IN19A069_b,2
SNta02,2
IN14A091,2
INXXX276,2
IN08B083_c,2
IN13B049,2
IN07B059,2
IN12A063_e,2
TN1c_d,2
ENXXX128,2
IN08B083_b,2
IN03B051,2
IN05B011b,2
MNad46,2
IN06A039,2
IN07B047,2
IN16B075,2
MNad44,2
IN01B015,2
IN05B080,2
IN06A056,2
IN01A060,2
IN12B079_a,2
INXXX390,2
SNxx24,2
IN12A043_a,2
IN09A041,2
IN14A059,2
IN16B075_e,2
IN16B075_g,2
IN06A069,2
IN06A037,2
IN03B037,2
IN06A036,2
IN01B031_b,2
INXXX345,2
IN06A073,2
IN23B067_c,2
MNad24,2
IN19B069,2
INXXX412,2
IN11A035,2
IN23B034,2
IN00A059,2
IN13B038,2
IN04B069,2
INXXX336,2
IN06A051,2
IN05B084,2
vMS12_e,2
INXXX347,2
IN01B019_b,2
IN17A098,2
IN12B037_c,2
IN13B061,2
MNnm14,2
IN11A042,2
IN13B041,2
IN06A048,2
IN01A057,2
INXXX393,2
IN12B063_b,2
IN13A026,2
IN16B057,2
MNad69,2
IN12B046,2
IN23B044,2
IN06A058,2
IN06A067_a,2
IN18B045_c,2
IN06A047,2
IN19A047,2
IN08B076,2
MNad31,2
IN04B073,2
IN11A037_a,2
IN19A074,2
MNad47,2
IN06A085,2
IN16B038,2
IN17A056,2
IN17A067,2
IN16B122,2
IN12B044_a,2
IN05B087,2
INXXX343,2
SNxx31,2
IN06A045,2
IN12A060_a,2
IN12A057_b,2
IN18B049,2
IN01A052_b,2
IN11A032_c,2
IN18B044,2
IN23B071,2
MNhl01,2
IN13B051,2
IN05B074,2
MNad28,2
IN19A109_b,2
IN06A076_a,2
IN13B077,2
IN02A032,2
IN11A037_b,2
IN05B064_a,2
IN19B072,2
IN19B083,2
IN06A067_c,2
IN03A072,2
IN13A033,2
IN14A099,2
MNad56,2
IN23B067_a,2
IN05B072_b,2
IN21A047_b,2
IN01A080_c,2
IN12B044_b,2
IN08B051_e,2
IN14A022,2
IN00A052,2
IN16B075_a,2
IN17A075,2
IN14A030,2
IN19A060_b,2
IN16B100_b,2
IN17A107,2
IN12B083,2
IN04B052,2
IN01B023_b,2
INXXX374,2
IN21A047_c,2
IN03A090,2
MNad45,2
IN06A084,2
MNad43,2
IN20A.22A040,2
IN01A063_c,2
IN17A072,2
IN18B041,2
IN03A076,2
IN06A081,2
IN12B037_d,2
IN08B090,2
IN17A084,2
IN03A079,2
IN16B068_c,2
IN06A123,2
IN00A066,2
IN17A092,2
IN19B062,2
IN23B055,2
IN19A069_a,2
IN12A059_b,2
IN16B068_b,2
IN07B045,2
IN21A047_a,2
IN23B042,2
IN06A067_e,2
IN06A040,2
IN16B075_d,2
MNad57,2
IN16B119,2
INXXX391,2
IN17A077,2
IN12B037_e,2
IN23B067_d,2
EN00B011,2
IN13B039,2
IN20A.22A027,2
SNpp13,2
IN07B076_d,2
IN21A052,2
IN05B086,2
IN12B066_d,2
IN09A051,2
IN01B036,2
IN17A106_a,2
IN23B075,2
IN02A041,2
SNpp26,2
IN14A079,2
IN12A059_d,2
INXXX444,2
IN11B024_a,2
IN01B023_d,2
IN12B082,2
IN12A059_f,2
IN01B059_a,2
IN11A027_a,2
IN12B044_c,2
IN02A037,2
IN01B027_c,2
IN13B053,2
IN01B048_b,2
IN12A059_g,2
IN16B066,2
IN12B066_e,2
IN07B083_c,2
IN13A039,2
IN08A044,2
IN21A050,2
IN23B079,2
IN01B048_a,2
IN01A080_b,2
IN01A063_a,2
IN14A057,2
IN06A032,2
IN11A041,2
IN16B095,2
IN16B087,2
IN07B092_b,2
IN12A050_a,2
IN19B105,2
IN09A056,2
IN01B030,2
IN01B037_a,2
IN16B075_c,2
IN13B066,2
IN01B050_a,2
IN06A078,2
IN19A088_a,2
IN16B120,2
IN12B079_d,2
IN16B047,2
IN17A097,2
IN03A095,2
IN01B027_f,2
IN04B043_a,2
IN12A059_a,2
IN14A065,2
IN06A067_d,2
IN06A114,2
IN01B057,2
IN01B031_a,2
IN12A060_b,2
IN14A121_a,2
INXXX420,2
IN12B085,2
IN14A063,2
IN13B072,2
IN16B075_b,2
hiii2 MN,2
IN16B048,2
IN23B080,2
IN01B050_b,2
IN02A031,2
IN23B050,2
IN12A055,2
IN21A090,2
IN16B094,2
IN01B068,2
IN16B050,2
IN11A026,2
ENXXX286,2
IN03A049,2
IN12B066_f,2
IN09A059,2
IN17A095,2
IN14A121_b,2
IN01A072,2
IN23B094,2
IN14A085_a,2
IN16B117,2
IN11A032_b,2
IN08A042,2
IN13B084,2
SNpp36,2
IN20A.22A057,2
IN11A027_b,2
MNhl87,2
IN01B027_e,2
IN01A080_a,2
IN14A098,2
MNxm02,2
EN00B027,2
IN01B055,2
IN19A104,2
IN08A025,2
IN12B060,2
IN13A065,2
IN17A100,2
IN21A064,2
IN21A043,2
IN01A062_b,2
IN21A098,2
IN16B104,2
IN09A067,2
IN16B115,2
IN21A074,2
IN19B088,2
IN09A065,2
IN13A064,2
INXXX401,2
IN13B082,2
IN01B069_a,2
IN17A104,2
IN21A039,2
IN06A107,2
IN06A076_c,2
IN12A046_b,2
IN13B089,2
IN12B044_d,2
IN19A080,2
IN01B066,2
MNad55,2
INXXX456,2
IN21A066,2
IN14A103,2
IN06A127,2
IN04B115,2
IN19A091,2
IN01B044_a,2
IN02A053,2
IN21A060,2
IN12B064,2
IN21A081,2
IN19B097,2
IN06B062,2
"IN21A091, IN21A092",2
IN12B050,2
IN17A103,2
IN02A056_c,2
MNxm03,2
IN21A111,2
IN01B045,2
IN12B066_a,2
IN02A056_b,2
IN12A046_a,2
IN14A047,2
IN09A084,2
IN12B090,2
IN01B083_b,2
IN19B064,2
IN01B035,2
IN19A109_a,2
IN01B077_b,2
IN09A062,2
IN01B077_a,2
IN05B093,2
IN07B083_a,2
IN06A120_b,2
SNxx32,2
IN21A040,2
IN01A083_a,2
IN12A059_c,2
IN13B075,2
IN11B016_a,2
IN14A075,2
IN14A088,2
IN13B096_b,2
IN17A114,2
IN01A085,2
IN09A068,2
IN07B092_e,2
IN06A101,2
IN21A084,2
IN17A108,2
IN12B079_b,2
IN03B073,2
IN14A069,2
IN12B066_b,2
INXXX245,2
IN01B094,2
IN11B021_d,2
IN19A094,2
IN21A073,2
IN19A071,2
IN06A089,2
IN12A043_b,2
IN21A033,2
IN01B051_a,2
IN09A061,2
IN06A128,2
IN11B022_e,2
MNad29,2
IN02A051,2
IN09B052_b,2
IN12A063_d,2
IN04B072,2
IN14A064,2
SNpp27,2
IN11B022_b,2
IN13B102,2
IN09A075,2
IN14A116,2
IN01A087_a,2
IN09B052_a,2
IN02A065,2
IN18B056,2
IN03B086_c,2
IN21A109,2
"SNta21,SNta38",2
IN01A084,2
IN02A061,2
IN01B070,2
IN09B058,2
SNpp46,2
IN21A082,2
IN23B088,2
INXXX244,2
MNxm01,2
IN21A097,2
IN13B081,2
IN12B092,2
IN21A031,2
IN06A137,2
IN06A105,2
IN01A087_b,2
IN05B092,2
IN01B063,2
IN13A056,2
INXXX392,2
IN09B055,2
IN14A115,2
IN01B086,2
IN03B045,2
IN19A087,2
IN06A120_a,2
IN11B022_d,2
SApp07,2
IN19A083,2
IN06A120_c,2
SNpp22,2
IN12B091,2
MNml79,2
IN01B087,2
MNml77,2
IN01B093,2
IN21A072,2
IN01B085,2
SNpp54,2
INXXX053,2
IN14A101,2
IN14A117,2
INXXX219,2
INXXX023,2
INXXX340,2
INXXX238,2
INXXX240,2
IN21A047_e,2
IN16B113,2
IN12B037_f,2
IN02A011,2
IN21A075,2
IN02A014,2
IN14A016,2
IN21A055,2
AN05B036,2
IN13B015,2
IN14A070,2
IN04B019,2
IN21A047_f,2
INXXX317,2
IN06B088,2
IN04B042,2
IN01B044_b,2
IN06A002,2
IN16B075_h,2
IN13B068,2
INXXX119,2
IN01B023_a,2
IN03A025,2
IN16B075_i,2
TN1c_b,2
IN23B083,2
IN01B029,2
IN23B093,2
IN16B076,2
IN12A013,2
IN14A055,2
IN11A039,2
IN20A.22A083,2
IN02A028,2
IN14A033,2
IN11A027_c,2
IN00A060,2
IN19B092,2
IN16B124,2
IN01B047,2
INXXX292,2
IN19B055,2
IN07B076_a,2
IN21A057,2
IN19A112,2
IN21A070,2
IN06A074,2
IN19A069_c,2
IN21A095,2
IN21A059,2
EN00B025,2
IN13B040,2
MNhl60,2
SIP136m,1
DNge149,1
DNge152,1
DNge150,1
AN05B007,1
GNG316,1
DNg66,1
DNge151,1
DNg55,1
EA00B007,1
ANXXX470,1
DNg77,1
AN05B029,1
AN05B026,1
AN05B024,1
AN06B015,1
AN05B046,1
AN08B099_i,1
AN08B099_j,1
AN00A009,1
AN05B067,1
AN05B059,1
AN05B060,1
AN05B083,1
AN08B035,1
EA00B006,1
AN00A002,1
DNg01_unclear,1
AN07B097,1
AN05B040,1
AN05B017,1
AN05B027,1
AN07B116,1
AN05B010,1
IN06B001,1
IN03A021,1
EN00B001,1
IN13B105,1
INXXX257,1
INXXX034,1
IN06B021,1
IN00A003,1
EN00B002,1
IN00A005,1
IN23B027,1
EN00B018,1
EN00B020,1
IN23B082,1
IN04B093,1
IN00A008,1
IN19B037,1
IN21A036,1
IN11A009,1
IN08B039,1
IN00A055,1
INXXX376,1
IN23B051,1
mesVUM-MJ,1
IN00A013,1
IN05B072_c,1
IN04B021,1
INXXX383,1
IN00A037,1
EN00B012,1
IN05B082,1
IN00A044,1
IN05B077,1
IN07B093,1
IN19A060_e,1
IN00A064,1
IN12B021,1
IN04B109,1
IN16B096,1
IN17A106_b,1
IN03A061,1
IN23B096,1
IN16B123,1
IN17A109,1
IN14A084,1
EN00B019,1
IN17A087,1
IN19A079,1
IN14A054,1
IN17A113,1
IN01B101,1
IN10B034,1
EN00B017,1
IN03B094,1
IN17A091,1
IN17A119,1
IN08B105,1
IN07B073_f,1
IN13B071,1
IN13B100,1
IN17A102,1
IN14A041,1
IN19A101,1
IN13B094,1
IN21A071,1
IN01A089,1
EA00B022,1
IN17A105,1
IN19A126,1
IN17A115,1
IN21A065,1
IN17A096,1
IN06A133,1
IN03B068,1
IN19A076,1
SNch11,1
EN00B024,1
IN06A134,1
SNta24,1
IN19A118,1
IN01B102,1
IN19A115,1
MNml83,1
IN13B091,1
"SNta44,SNta45",1
IN21A103,1
"SNta28, SNta40",1
"SNta20,SNta29",1
"SNta28,SNta29",1
"SNta31,SNta34",1
SNch06,1
SNch07,1
IN14A123,1
IN17A055,1
IN03A056,1
IN03A062_g,1
IN16B065,1
INXXX299,1
IN17A045,1
IN00A070,1
IN14A061,1
IN04B082,1
MNad50,1
IN12B068_c,1
IN00A069,1
IN19A123,1
IN07B094_c,1
IN12B066_g,1
IN19A060,1
IN05B055,1
IN23B076,1
IN23B038,1
IN14A102,1
IN14A053,1
IN00A068,1
IN21A088,1
IN19A129,1
IN13A073,1
IN01B088,1
"SNch07,SNch09",1
